Date,Predicted Water M3,Predicted Heat MWH,Warm Water M3,Daily Water Cost,Warm Heating Water MWH,Cold Water Cost per person,Month,Daily Heating Cost,Daily Water Heating Cost,Warm Heating Water Cost per person,Total Water Cost per person
2023-01-01,2.071295627797464,0.30500000800000004,0.8285182511189856,7.80795599854532,0.048054058564901164,0.26026519995151065,1,24.583000644800002,3.8731571203310335,0.1291052373443678,0.38937043729587845
2023-01-02,3.6950058953753793,0.30500000800000004,1.4780023581501518,13.92869422320703,0.0857241367727088,0.46428980744023435,1,24.583000644800002,6.909365423880329,0.23031218079601098,0.6946019882362453
2023-01-03,3.9522415349238242,0.30500000800000004,1.5808966139695297,14.898369690048849,0.09169200361023273,0.4966123230016283,1,24.583000644800002,7.390375490984757,0.24634584969949191,0.7429581727011202
2023-01-04,5.1723620489762,0.30500000800000004,2.06894481959048,19.497735979820682,0.11999879953624785,0.6499245326606894,1,24.583000644800002,9.671903242621577,0.32239677475405254,0.9723213074147419
2023-01-05,1.3839212090475068,0.30500000800000004,0.5535684836190028,5.216829389625482,0.03210697204990216,0.17389431298751606,1,24.583000644800002,2.587821947222114,0.08626073157407046,0.26015504456158656
2023-01-06,-0.2274092488163464,0.30500000800000004,-0.09096369952653856,-0.8572419043380993,-0.005275894572539236,-0.02857473014460331,1,24.583000644800002,-0.4252371025466624,-0.014174570084888748,-0.04274930022949206
2023-01-07,0.8009874259650416,0.30500000800000004,0.32039497038601666,3.019402200917821,0.01858290828238897,0.10064674003059403,1,24.583000644800002,1.4977824075605508,0.04992608025201836,0.15057282028261237
2023-01-08,-0.4884015897974634,0.30500000800000004,-0.19536063591898536,-1.841078632900518,-0.011330916883301151,-0.0613692877633506,1,24.583000644800002,-0.9132719007940727,-0.030442396693135757,-0.09181168445648635
2023-01-09,5.337537985541106,0.30500000800000004,2.1350151942164426,20.12038319029575,0.12383088126455367,0.670679439676525,1,24.583000644800002,9.980769029923026,0.3326923009974342,1.003371740673959
2023-01-10,0.1321560211241204,0.30500000800000004,0.05286240844964816,0.49817533722948426,0.0030660196900795934,0.01660584457431614,1,24.583000644800002,0.24712118702041522,0.008237372900680507,0.024843217474996647
2023-01-11,1.700158209114404,0.30500000800000004,0.6800632836457616,6.408916385077657,0.03944367045145418,0.21363054616925525,1,24.583000644800002,3.1791598383872066,0.10597199461290689,0.31960254078216216
2023-01-12,-1.0740913103925598,0.30500000800000004,-0.4296365241570239,-4.048894603655794,-0.02491891840110739,-0.1349631534551931,1,24.583000644800002,-2.0084648231292554,-0.06694882743764184,-0.20191198089283496
2023-01-13,2.2996424546339473,0.30500000800000004,0.919856981853579,8.668732196988127,0.053351704947507586,0.28895773989960427,1,24.583000644800002,4.300147418769111,0.14333824729230368,0.432295987191908
2023-01-14,3.4787447850410618,0.30500000800000004,1.3914979140164248,13.113476341690786,0.08070687901295263,0.43711587805635954,1,24.583000644800002,6.504974448443982,0.2168324816147994,0.6539483596711589
2023-01-15,2.7763110640668978,0.30500000800000004,1.1105244256267592,10.465582187106579,0.06441041668635204,0.3488527395702193,1,24.583000644800002,5.191479584919974,0.17304931949733246,0.5219020590675517
2023-01-16,1.3211869545922785,0.30500000800000004,0.5284747818369114,4.980346344031053,0.030651537346540865,0.1660115448010351,1,24.583000644800002,2.4705139101311935,0.08235046367103978,0.2483620084720749
2023-01-17,1.3394555123753802,0.30500000800000004,0.535782204950152,5.049211499450233,0.03107536788710882,0.16830704998167442,1,24.583000644800002,2.5046746517009706,0.08348915505669902,0.2517962050383734
2023-01-18,2.433911462780028,0.30500000800000004,0.9735645851120112,9.174872650095592,0.05646674593649665,0.3058290883365197,1,24.583000644800002,4.55121972248163,0.151707324082721,0.4575364124192407
2023-01-19,1.2691505214640175,0.30500000800000004,0.507660208585607,4.784189805710761,0.02944429209796521,0.159472993523692,1,24.583000644800002,2.3732099430959956,0.07910699810319985,0.23857999162689186
2023-01-20,1.8724630401116644,0.30500000800000004,0.7489852160446658,7.058436676004931,0.04344114253059062,0.23528122253349767,1,24.583000644800002,3.501356087965604,0.11671186959885346,0.35199309213235114
2023-01-21,3.96842785537614,0.30500000800000004,1.587371142150456,14.959385643625897,0.09206752624472644,0.4986461881208632,1,24.583000644800002,7.420642615324951,0.24735475384416503,0.7460009419650282
2023-01-22,3.284703853032105,0.30500000800000004,1.313881541212842,12.382019644389823,0.07620512939034484,0.41273398814632745,1,24.583000644800002,6.1421334288617935,0.20473778096205977,0.6174717691083872
2023-01-23,0.9189896610266821,0.30500000800000004,0.3675958644106729,3.464223426206181,0.02132056013581903,0.1154741142068727,1,24.583000644800002,1.7184371469470137,0.057281238231567125,0.1727553524384398
2023-01-24,2.8375295730359467,0.30500000800000004,1.1350118292143787,10.696351478516304,0.06583068609443397,0.3565450492838768,1,24.583000644800002,5.305953299211378,0.1768651099737126,0.5334101592575894
2023-01-25,0.5015898716359068,0.30500000800000004,0.20063594865436274,1.8907931801187146,0.01163688502195304,0.06302643933729049,1,24.583000644800002,0.9379329327694149,0.03126443109231383,0.09429087042960432
2023-01-26,3.5615086356688765,0.30500000800000004,1.4246034542675508,13.425462953017398,0.08262700034751795,0.4475154317672466,1,24.583000644800002,6.659736228009947,0.22199120760033156,0.6695066393675781
2023-01-27,2.9977561596888114,0.30500000800000004,1.1991024638755245,11.300341619562943,0.06954794290478043,0.3766780539854314,1,24.583000644800002,5.605564198125302,0.18685213993751007,0.5635301939229415
2023-01-28,2.773972238839667,0.30500000800000004,1.1095888955358668,10.456765751530009,0.06435615594108028,0.34855885838433365,1,24.583000644800002,5.18710616885107,0.17290353896170232,0.5214623973460359
2023-01-29,3.6303860297918145,0.30500000800000004,1.4521544119167258,13.685103177903224,0.0842249558911701,0.4561701059301075,1,24.583000644800002,6.788531444828309,0.22628438149427696,0.6824544874243844
2023-01-30,2.502635784068584,0.30500000800000004,1.0010543136274337,9.433935851624934,0.05806115019039116,0.3144645283874978,1,24.583000644800002,4.679728705345527,0.1559909568448509,0.4704554852323487
2023-01-31,2.419788916948203,0.30500000800000004,0.9679155667792814,9.121636301327946,0.05613910287319832,0.3040545433775982,1,24.583000644800002,4.524811691579784,0.1508270563859928,0.454881599763591
2023-02-01,0.5467323037049234,0.30500000800000004,0.2186929214819694,2.0609620920460796,0.012684189445954225,0.06869873640153598,2,24.583000644800002,1.0223456693439106,0.03407818897813035,0.10277692537966633
2023-02-02,1.0343537859651546,0.30500000800000004,0.4137415143860619,3.899100031574247,0.02399700783439159,0.1299700010524749,2,24.583000644800002,1.9341588314519622,0.06447196104839874,0.1944419621008736
2023-02-03,0.8969630522873886,0.30500000800000004,0.35878522091495546,3.38119192190254,0.02080954281306742,0.11270639739675133,2,24.583000644800002,1.6772491507332339,0.05590830502444113,0.16861470242119245
2023-02-04,1.1784100785772822,0.30500000800000004,0.4713640314309129,4.442134632204923,0.02733911382299295,0.14807115440683077,2,24.583000644800002,2.2035325741332317,0.07345108580444105,0.22152224021127181
2023-02-05,3.4310752182088664,0.30500000800000004,1.3724300872835467,12.933781142560143,0.07960094506244571,0.4311260380853381,2,24.583000644800002,6.415836172033123,0.21386120573443745,0.6449872438197756
2023-02-06,3.642936559994415,0.30500000800000004,1.457174623997766,13.732413656554947,0.08451612819187043,0.45774712188516486,2,24.583000644800002,6.811999932264756,0.2270666644088252,0.68481378629399
2023-02-07,1.3569100875375102,0.30500000800000004,0.5427640350150041,5.115008265981398,0.03148031403087024,0.17050027553271327,2,24.583000644800002,2.537313310888141,0.08457711036293804,0.2550773858956513
2023-02-08,2.7196308424658926,0.30500000800000004,1.087852336986357,10.25192042375943,0.06309543554520872,0.341730680791981,2,24.583000644800002,5.085492104943822,0.1695164034981274,0.5112470842901085
2023-02-09,2.5743810689363404,0.30500000800000004,1.0297524275745362,9.70438687746243,0.059725640799323104,0.323479562582081,2,24.583000644800002,4.8138866484254415,0.16046288828084804,0.48394245086292903
2023-02-10,1.1798233768705082,0.30500000800000004,0.4719293507482033,4.447462201451068,0.027371902343395794,0.14824874004836894,2,24.583000644800002,2.206175328877701,0.0735391776292567,0.22178791767762562
2023-02-11,2.187719672108222,0.30500000800000004,0.8750878688432888,8.246828075979154,0.05075509639291075,0.27489426919930515,2,24.583000644800002,4.090860769268606,0.1363620256422869,0.41125629484159204
2023-02-12,1.6398218483039675,0.30500000800000004,0.655928739321587,6.181472439366636,0.03804386688065205,0.2060490813122212,2,24.583000644800002,3.0663356705805547,0.10221118901935182,0.308260270331573
2023-02-13,1.5529301439623582,0.30500000800000004,0.6211720575849433,5.8539254706805055,0.03602797933992671,0.19513084902268352,2,24.583000644800002,2.9038551347980928,0.09679517115993642,0.2919260201826199
2023-02-14,2.646174401741777,0.30500000800000004,1.0584697606967108,9.975019024805803,0.061391246120409235,0.33250063416019343,2,24.583000644800002,4.948134437304984,0.1649378145768328,0.49743844873702625
2023-02-15,1.0436458952918404,0.30500000800000004,0.41745835811673615,3.9341275668921214,0.0242125847707707,0.1311375855630707,2,24.583000644800002,1.9515343325241183,0.0650511444174706,0.19618872998054132
2023-02-16,-0.21916062654273505,0.30500000800000004,-0.08766425061709403,-0.826147897815494,-0.0050845265357914535,-0.027538263260516466,2,24.583000644800002,-0.40981283878479113,-0.013660427959493038,-0.041198691220009506
2023-02-17,1.3159791247597672,0.30500000800000004,0.5263916499039069,4.960714908694419,0.0305307156944266,0.16535716362314729,2,24.583000644800002,2.4607756849707836,0.08202585616569279,0.2473830197888401
2023-02-18,3.8847556061322868,0.30500000800000004,1.5539022424529148,14.643974732876268,0.09012633006226906,0.4881324910958756,2,24.583000644800002,7.264182203018885,0.24213940676729617,0.7302718978631717
2023-02-19,2.8605890966504512,0.30500000800000004,1.1442356386601806,10.783276658733541,0.06636566704229048,0.35944255529111807,2,24.583000644800002,5.349072763608612,0.1783024254536204,0.5377449807447385
2023-02-20,2.2616293895481974,0.30500000800000004,0.904651755819279,8.525438146840886,0.05246980183751819,0.28418127156136286,2,24.583000644800002,4.229066028103966,0.14096886760346553,0.42515013916482836
2023-02-21,1.3119153156328154,0.30500000800000004,0.5247661262531261,4.945395973809461,0.030436435322681317,0.16484653246031536,2,24.583000644800002,2.453176687008114,0.0817725562336038,0.24661908869391916
2023-02-22,0.047667711148574377,0.30500000800000004,0.019067084459429753,0.17968820394566598,0.0011058908986469258,0.005989606798188866,2,24.583000644800002,0.08913480643094221,0.0029711602143647404,0.008960767012553607
2023-02-23,2.599164366310711,0.30500000800000004,1.0396657465242845,9.797809995244856,0.0603006132984085,0.32659366650816185,2,24.583000644800002,4.8602294318517245,0.16200764772839082,0.4886013142365527
2023-02-24,4.435626427291821,0.30500000800000004,1.7742505709167284,16.720537380319247,0.10290653311317026,0.5573512460106416,2,24.583000644800002,8.294266568921522,0.2764755522973841,0.8338267983080256
2023-02-25,2.0564507118083086,0.30500000800000004,0.8225802847233235,7.7519966032326,0.047709656513952765,0.25839988677442,2,24.583000644800002,3.8453983150245925,0.12817994383415307,0.38657983060857304
2023-02-26,3.02453475354442,0.30500000800000004,1.209813901417768,11.401286206961045,0.07016920628223054,0.38004287356536814,2,24.583000644800002,5.6556380263477815,0.18852126754492604,0.5685641411102942
2023-02-27,1.2987933646360008,0.30500000800000004,0.5195173458544003,4.895931467331868,0.03013200605955522,0.16319771557772894,2,24.583000644800002,2.4286396884001507,0.08095465628000502,0.24415237185773397
2023-02-28,2.051230210704112,0.30500000800000004,0.8204920842816448,7.73231740227022,0.0475885408883354,0.2577439134090073,2,24.583000644800002,3.835636395599833,0.12785454651999442,0.38559845992900177
2023-03-01,2.356221692749347,0.30500000800000004,0.9424886770997388,8.882013292987939,0.054664343271784856,0.2960671097662646,3,21.935600575360002,3.9314595681067668,0.13104865227022555,0.42711576203649015
2023-03-02,3.7353284513226184,0.30500000800000004,1.4941313805290475,14.080694130105742,0.08665962007068476,0.46935647100352473,3,21.935600575360002,6.2325598754836475,0.20775199584945492,0.6771084668529797
2023-03-03,3.3324758669302015,0.30500000800000004,1.3329903467720807,12.562101027980088,0.07731344011278068,0.41873670093266957,3,21.935600575360002,5.560382612911187,0.18534608709703956,0.6040827880297092
2023-03-04,2.2812345307761244,0.30500000800000004,0.9124938123104498,8.599341687213679,0.05292464111400609,0.2866447229071226,3,21.935600575360002,3.806340188919318,0.1268780062973106,0.4135227292044332
2023-03-05,1.817480186692295,0.30500000800000004,0.7269920746769181,6.851173311755275,0.04216554033126125,0.22837244372517584,3,21.935600575360002,3.0325456606243093,0.10108485535414365,0.3294572990793195
2023-03-06,0.7069481234122765,0.30500000800000004,0.2827792493649106,2.6649116460149176,0.016401196463164815,0.08883038820049725,3,21.935600575360002,1.1795740496308136,0.039319134987693787,0.12814952318819103
2023-03-07,1.6968543959432245,0.30500000800000004,0.6787417583772899,6.396462330947579,0.039367021985882815,0.21321541103158598,3,21.935600575360002,2.8312762212246922,0.09437587404082308,0.30759128507240907
2023-03-08,3.5162585546087435,0.30500000800000004,1.4065034218434975,13.25488824745312,0.08157719846692287,0.44182960824843737,3,21.935600575360002,5.867032113741093,0.1955677371247031,0.6373973453731405
2023-03-09,2.4480675226108977,0.30500000800000004,0.9792270090443591,9.22823533323404,0.05679516652457283,0.30760784444113465,3,21.935600575360002,4.084708376447278,0.13615694588157592,0.44376479032271055
2023-03-10,2.726910066401346,0.30500000800000004,1.0907640265605385,10.279360186306514,0.06326431354051124,0.3426453395435505,3,21.935600575360002,4.549969429833568,0.15166564766111892,0.49431098720466937
2023-03-11,2.256321340340454,0.30500000800000004,0.9025285361361816,8.505428924547376,0.05234665509589853,0.2835142974849125,3,21.935600575360002,3.7647714344970225,0.12549238114990074,0.40900667863481327
2023-03-12,1.1336958877750472,0.30500000800000004,0.4534783551100189,4.273580018556818,0.026301744596381096,0.14245266728522726,3,21.935600575360002,1.8916214713717285,0.06305404904572429,0.20550671633095155
2023-03-13,2.971464070731389,0.30500000800000004,1.1885856282925555,11.201230961029044,0.06893796644096822,0.3733743653676348,3,21.935600575360002,4.958018546434435,0.1652672848811478,0.5386416502487826
2023-03-14,2.657054841952513,0.30500000800000004,1.0628219367810052,10.016033932224193,0.06164367233329831,0.33386779774080644,3,21.935600575360002,4.433412914210814,0.1477804304736938,0.48164822821450026
2023-03-15,3.7340102320612822,0.30500000800000004,1.493604092824513,14.075724970778209,0.08662903738382176,0.4691908323592736,3,21.935600575360002,6.230360368644461,0.20767867895481537,0.676869511314089
2023-03-16,1.2115397026184103,0.30500000800000004,0.48461588104736414,4.567020062990359,0.02810772110074712,0.15223400209967863,3,21.935600575360002,2.021507301565733,0.06738357671885777,0.21961757881853639
2023-03-17,4.6996152267509785,0.30500000800000004,1.8798460907003915,17.71566955876049,0.10903107326062271,0.5905223186253497,3,21.935600575360002,7.841514788903986,0.2613838262967995,0.8519061449221492
2023-03-18,2.735808448876327,0.30500000800000004,1.0943233795505307,10.3129035288842,0.06347075601393079,0.3437634509628067,3,21.935600575360002,4.564816772521903,0.15216055908406342,0.49592401004687015
2023-03-19,3.6455828981751592,0.30500000800000004,1.4582331592700637,13.74238929296108,0.0845775232376637,0.4580796430987027,3,21.935600575360002,6.082815471252773,0.20276051570842576,0.6608401588071284
2023-03-20,1.4310796540795452,0.30500000800000004,0.5724318616318181,5.3945978640182535,0.03320104797464545,0.17981992880060846,3,21.935600575360002,2.387819370336501,0.0795939790112167,0.25941390781182516
2023-03-21,0.9368727820233667,0.30500000800000004,0.3747491128093467,3.531635639115283,0.02173544854294211,0.11772118797050943,3,21.935600575360002,1.5632134592083966,0.052107115306946554,0.169828303277456
2023-03-22,2.192329890423567,0.30500000800000004,0.8769319561694268,8.264206754940679,0.05086205345782675,0.27547355849802263,3,21.935600575360002,3.6579988846869003,0.12193329615623001,0.39740685465425263
2023-03-23,1.7976831338793104,0.30500000800000004,0.7190732535517242,6.776546341471449,0.04170624870600001,0.2258848780490483,3,21.935600575360002,2.9995134069355207,0.09998378023118402,0.3258686582802323
2023-03-24,1.9437555122780248,0.30500000800000004,0.7775022049112099,7.327180779083243,0.04509512788485018,0.24423935930277477,3,21.935600575360002,3.2432415974784248,0.10810805324928083,0.3523474125520556
2023-03-25,2.0969537775263287,0.30500000800000004,0.8387815110105316,7.904676959763249,0.04864932763861083,0.2634892319921083,3,21.935600575360002,3.498859643768891,0.11662865479229637,0.3801178867844046
2023-03-26,1.9350487328162904,0.30500000800000004,0.7740194931265162,7.294359703224289,0.04489313060133794,0.2431453234408096,3,21.935600575360002,3.2287139528482247,0.10762379842827416,0.35076912186908377
2023-03-27,1.7306265579089244,0.30500000800000004,0.6922506231635698,6.523769872693482,0.04015053614348705,0.2174589957564494,3,21.935600575360002,2.8876265594395885,0.09625421864798628,0.31371321440443567
2023-03-28,2.884871609069674,0.30500000800000004,1.1539486436278696,10.874812017549043,0.06692902133041645,0.3624937339183015,3,21.935600575360002,4.813535214083551,0.16045117380278504,0.5229449077210865
2023-03-29,3.514795590025626,0.30500000800000004,1.4059182360102505,13.2493734561606,0.08154325768859454,0.44164578187201997,3,21.935600575360002,5.864591092963719,0.1954863697654573,0.6371321516374773
2023-03-30,1.415492825382569,0.30500000800000004,0.5661971301530276,5.335841754562132,0.032839433548875606,0.17786139181873775,3,21.935600575360002,2.361812060835134,0.07872706869450447,0.25658846051324224
2023-03-31,1.5872245306243609,0.30500000800000004,0.6348898122497444,5.983201590641591,0.03682360911048518,0.19944005302138637,3,21.935600575360002,2.648353967226094,0.08827846557420313,0.2877185185955895
2023-04-01,1.250385630678974,0.30500000800000004,0.5001542522715896,4.713453673407461,0.0290089466317522,0.15711512244691536,4,17.397200456320004,1.6546703158751455,0.05515567719583818,0.21227079964275353
2023-04-02,1.2511943020193137,0.30500000800000004,0.5004777208077255,4.716502040892005,0.029027707806848078,0.15721673469640016,4,17.397200456320004,1.6557404533026143,0.055191348443420475,0.21240808313982062
2023-04-03,1.7213357571999661,0.30500000800000004,0.6885343028799865,6.488747270340992,0.03993498956703922,0.2162915756780331,4,17.397200456320004,2.277891804903917,0.07592972683013058,0.2922213025081637
2023-04-04,1.9714514196018877,0.30500000800000004,0.7885805678407551,7.431583271331276,0.0457376729347638,0.2477194423777092,4,17.397200456320004,2.608876864198927,0.08696256213996424,0.33468200451767344
2023-04-05,2.973457701702489,0.30500000800000004,1.1893830806809955,11.208746152337701,0.06898421867949775,0.37362487174459,4,17.397200456320004,3.9348598334785514,0.13116199444928506,0.504786866193875
2023-04-06,3.697135813866261,0.30500000800000004,1.4788543255465045,13.936723163950257,0.08577355088169726,0.4645574387983419,4,17.397200456320004,4.892523342292011,0.16308411140973372,0.6276415502080757
2023-04-07,3.767999072631602,0.30500000800000004,1.507199629052641,14.203849304192088,0.08741757848505319,0.4734616434730696,4,17.397200456320004,4.986298676787434,0.16620995589291446,0.6396715993659841
2023-04-08,2.2256635133121536,0.30500000800000004,0.8902654053248615,8.389861179781494,0.05163539350884197,0.2796620393260498,4,17.397200456320004,2.945282845744346,0.09817609485814487,0.3778381341841947
2023-04-09,2.088389263376321,0.30500000800000004,0.8353557053505285,7.87239216722338,0.04845063091033065,0.2624130722407793,4,17.397200456320004,2.7636239871252606,0.09212079957084202,0.3545338718116213
2023-04-10,2.1807521499677938,0.30500000800000004,0.8723008599871176,8.220563304518596,0.05059344987925282,0.27401877681728654,4,17.397200456320004,2.885850381112581,0.0961950127037527,0.3702137895210392
2023-04-11,2.5238358248287005,0.30500000800000004,1.0095343299314803,9.51385152527427,0.05855299113602586,0.31712838417580896,4,17.397200456320004,3.339862614398915,0.11132875381329717,0.4284571379891061
2023-04-12,2.4906650620406747,0.30500000800000004,0.9962660248162699,9.388811017868528,0.057783429439343656,0.31296036726228427,4,17.397200456320004,3.295966815220162,0.10986556050733873,0.422825927769623
2023-04-13,4.404585106480952,0.30500000800000004,1.7618340425923809,16.603524017390598,0.1021863744703581,0.5534508005796865,4,17.397200456320004,5.828710799789226,0.1942903599929742,0.7477411605726607
2023-04-14,2.2975103547905635,0.30500000800000004,0.9190041419162255,8.66069503341851,0.05330224023114108,0.28868983444728363,4,17.397200456320004,3.040359782784287,0.10134532609280958,0.39003516054009324
2023-04-15,1.8419664361297765,0.30500000800000004,0.7367865744519106,6.943476677634806,0.04273362131821082,0.23144922258782685,4,17.397200456320004,2.437525759990745,0.08125085866635816,0.312700081254185
2023-04-16,0.7263308168174119,0.30500000800000004,0.2905323267269648,2.7379766470749156,0.016850874950163956,0.09126588823583053,4,17.397200456320004,0.9611739071573521,0.0320391302385784,0.12330501847440892
2023-04-17,0.4951714097489712,0.30500000800000004,0.1980685638995885,1.8665981461897219,0.011487976706176134,0.062219938206324064,4,17.397200456320004,0.6552741913202866,0.021842473044009554,0.08406241125033362
2023-04-18,2.99875097061683,0.30500000800000004,1.1995003882467319,11.304091658837201,0.06957102251831045,0.37680305529457336,4,17.397200456320004,3.9683311244444277,0.1322777041481476,0.5090807594427209
2023-04-19,3.138001787625796,0.30500000800000004,1.2552007150503186,11.829011538634202,0.07280164147291848,0.39430038462114003,4,17.397200456320004,4.1526056296152705,0.13842018765384234,0.5327205722749824
2023-04-20,3.9314194866219383,0.30500000800000004,1.5725677946487755,14.819878896770058,0.09120893208962898,0.49399596322566863,4,17.397200456320004,5.202557486392437,0.1734185828797479,0.6674145461054165
2023-04-21,0.9024873498955046,0.30500000800000004,0.36099493995820187,3.402016314166094,0.02093770651757571,0.11340054380553648,4,17.397200456320004,1.1942867797625183,0.03980955932541728,0.15321010313095376
2023-04-22,2.0768194945362,0.30500000800000004,0.83072779781448,7.8287787666036595,0.04818221227323984,0.260959292220122,4,17.397200456320004,2.7483133880656005,0.09161044626885335,0.3525697384889753
2023-04-23,2.3177591087369414,0.30500000800000004,0.9271036434947766,8.737024736294774,0.053772011322697044,0.2912341578764925,4,17.397200456320004,3.067155525846639,0.1022385175282213,0.39347267540471376
2023-04-24,2.089346703035259,0.30500000800000004,0.8357386812141036,7.876001331761712,0.04847284351041801,0.26253337772539037,4,17.397200456320004,2.764890993834243,0.0921630331278081,0.3546964108531985
2023-04-25,2.2687268707834907,0.30500000800000004,0.9074907483133963,8.552192812105446,0.052634463402176986,0.2850730937368482,4,17.397200456320004,3.0022697924601753,0.10007565974867251,0.3851487534855207
2023-04-26,-0.14442966806766,0.30500000800000004,-0.057771867227064004,-0.5444420767478512,-0.0033507682991697125,-0.018148069224928374,4,17.397200456320004,-0.1911278237846404,-0.006370927459488014,-0.024518996684416386
2023-04-27,0.6353527178078378,0.30500000800000004,0.2541410871231351,2.395025605048425,0.014740183053141837,0.0798341868349475,4,17.397200456320004,0.8407800413512103,0.028026001378373678,0.10786018821332118
2023-04-28,1.6719315375504558,0.30500000800000004,0.6687726150201824,6.302513123950198,0.03878881167117058,0.21008377079833992,4,17.397200456320004,2.2125138177235697,0.07375046059078566,0.28383423138912556
2023-04-29,1.013759833702822,0.30500000800000004,0.4055039334811288,3.8214690691261577,0.02351922814190547,0.12738230230420525,4,17.397200456320004,1.341536773214288,0.04471789244047627,0.17210019474468152
2023-04-30,2.314791295384421,0.30500000800000004,0.9259165181537684,8.725837267081113,0.05370315805291857,0.2908612422360371,4,17.397200456320004,3.063228135338475,0.10210760451128251,0.3929688467473196
2023-05-01,1.3617655604388161,0.30500000800000004,0.5447062241755265,5.133311456630161,0.031592961002180536,0.17111038188767205,5,12.858800337280002,1.3319592358519312,0.04439864119506438,0.21550902308273642
2023-05-02,1.3771901469415067,0.30500000800000004,0.5508760587766027,5.191455977910704,0.03195081140904296,0.17304853259702346,5,12.858800337280002,1.347046209005251,0.044901540300175034,0.2179500728971985
2023-05-03,2.942401093715741,0.30500000800000004,1.1769604374862965,11.091675162870859,0.0682637053742052,0.3697225054290286,5,12.858800337280002,2.877997818576491,0.09593326061921638,0.465655766048245
2023-05-04,1.8879392511613746,0.30500000800000004,0.7551757004645498,7.116775801177918,0.043800190626943895,0.23722586003926394,5,12.858800337280002,1.8466160368319544,0.06155386789439848,0.2987797279336624
2023-05-05,2.6097000458193556,0.30500000800000004,1.0438800183277424,9.837525292720644,0.06054504106300906,0.3279175097573548,5,12.858800337280002,2.5525789312164617,0.08508596437388206,0.41300347413123684
2023-05-06,1.4539563505423714,0.30500000800000004,0.5815825402169486,5.480833859004523,0.033731787332583016,0.18269446196681743,5,12.858800337280002,1.4221321539416998,0.04740440513138999,0.23009886709820743
2023-05-07,2.252014113806023,0.30500000800000004,0.9008056455224092,8.489192403403184,0.052246727440299734,0.28297308011343947,5,12.858800337280002,2.2027220288830365,0.07342406762943456,0.356397147742874
2023-05-08,3.5643404886649392,0.30500000800000004,1.4257361954659757,13.436137906071355,0.0826926993370266,0.4478712635357118,5,12.858800337280002,3.486324204049041,0.1162108068016347,0.5640820703373466
2023-05-09,2.2326485627841612,0.30500000800000004,0.8930594251136645,8.416192022271174,0.05179744665659255,0.2805397340757058,5,12.858800337280002,2.183780351041942,0.07279267836806473,0.35333241244377056
2023-05-10,1.476269715557439,0.30500000800000004,0.5905078862229756,5.564946319765322,0.03424945740093258,0.18549821065884406,5,12.858800337280002,1.4439571240233176,0.04813190413411059,0.23363011479295465
2023-05-11,1.1961463500257368,0.30500000800000004,0.47845854001029475,4.508993281057017,0.027750595320597097,0.1502997760352339,5,12.858800337280002,1.1699650987163734,0.03899883662387912,0.18929861265911302
2023-05-12,3.0694560128375086,0.30500000800000004,1.2277824051350035,11.570621385992272,0.0712113794978302,0.38568737953307575,5,12.858800337280002,3.002271759628521,0.1000757253209507,0.48576310485402646
2023-05-13,3.0562403198677552,0.30500000800000004,1.2224961279471023,11.52080350977349,0.07090477542093193,0.38402678365911636,5,12.858800337280002,2.98934533174649,0.09964484439154966,0.483671628050666
2023-05-14,2.3033535848901807,0.30500000800000004,0.9213414339560724,8.682721673602025,0.0534378031694522,0.28942405578673414,5,12.858800337280002,2.2529377816241047,0.07509792605413683,0.364521981840871
2023-05-15,2.247315301702345,0.30500000800000004,0.898926120680938,8.471479761297159,0.052137714999494406,0.2823826587099053,5,12.858800337280002,2.198126064378684,0.0732708688126228,0.3556535275225281
2023-05-16,2.6666885916171807,0.30500000800000004,1.0666754366468723,10.052349314960125,0.061867175325518595,0.3350783104986708,5,12.858800337280002,2.608320111723864,0.08694400372412879,0.4220223142227996
2023-05-17,3.5150737873809494,0.30500000800000004,1.4060295149523798,13.250422148911227,0.08154971186723803,0.4416807382970409,5,12.858800337280002,3.438135852322755,0.1146045284107585,0.5562852667077994
2023-05-18,3.29230821236495,0.30500000800000004,1.31692328494598,12.410685037330914,0.07638155052686685,0.4136895012443638,5,12.858800337280002,3.220246170212706,0.1073415390070902,0.521031040251454
2023-05-19,2.919426961492817,0.30500000800000004,1.1677707845971268,11.005071874043324,0.06773070550663336,0.36683572913477747,5,12.858800337280002,2.8555265441596624,0.09518421813865542,0.4620199472734329
2023-05-20,0.9176553525676849,0.30500000800000004,0.367062141027074,3.459193617039145,0.021289604179570293,0.11530645390130484,5,12.858800337280002,0.8975697122106835,0.029918990407022783,0.14522544430832762
2023-05-21,1.3760189299164312,0.30500000800000004,0.5504075719665725,5.187040958212979,0.03192363917406121,0.17290136527376596,5,12.858800337280002,1.3459006275784204,0.044863354252614014,0.21776471952637996
2023-05-22,0.07836662702226649,0.30500000800000004,0.0313466508089066,0.29541083722313577,0.0018181057469165828,0.009847027907437859,5,12.858800337280002,0.07665133829000313,0.002555044609666771,0.01240207251710463
2023-05-23,2.8277535903076494,0.30500000800000004,1.1311014361230598,10.659499934023716,0.06560388329513747,0.3553166644674572,5,12.858800337280002,2.7658597197229957,0.09219532399076652,0.4475119884582237
2023-05-24,1.9657534943386463,0.30500000800000004,0.7863013977354586,7.410104372258961,0.0456054810686566,0.2470034790752987,5,12.858800337280002,1.922727081854562,0.0640909027284854,0.3110943818037841
2023-05-25,3.096882623938835,0.30500000800000004,1.2387530495755341,11.674008739199833,0.07184767687538099,0.3891336246399944,5,12.858800337280002,3.0290980570660624,0.10096993523553541,0.4901035598755298
2023-05-26,2.0457408741844065,0.30500000800000004,0.8182963496737626,7.711624799325539,0.04746118828107824,0.25705415997751796,5,12.858800337280002,2.0009636979302585,0.06669878993100861,0.32375294990852654
2023-05-27,1.2983029447445371,0.30500000800000004,0.5193211778978148,4.894082780509007,0.030120628318073262,0.16313609268363355,5,12.858800337280002,1.2698856898899686,0.04232952299633229,0.20546561567996585
2023-05-28,2.1748124172543575,0.30500000800000004,0.869924966901743,8.198172888082025,0.0504556480803011,0.2732724296027342,5,12.858800337280002,2.127210123065494,0.07090700410218313,0.3441794337049173
2023-05-29,2.5372665625757453,0.30500000800000004,1.0149066250302983,9.56448003428553,0.0588645842517573,0.318816001142851,5,12.858800337280002,2.4817308720540874,0.0827243624018029,0.40154036354465394
2023-05-30,2.8372948184803093,0.30500000800000004,1.1349179273921237,10.695466547743374,0.06582523978874318,0.3565155515914458,5,12.858800337280002,2.775192109493412,0.09250640364978041,0.44902195524122623
2023-05-31,3.6148772223470367,0.30500000800000004,1.4459508889388148,13.62664117735939,0.08386515155845127,0.45422137257864637,5,12.858800337280002,3.5357547897043053,0.11785849299014352,0.5720798655687899
2023-06-01,0.17230731708682745,0.30500000800000004,0.06892292683473099,0.6495296624905048,0.003997529756414398,0.021650988749683495,6,10.21140026784,0.13383729624475402,0.004461243208158467,0.02611223195784196
2023-06-02,1.1924504364924562,0.30500000800000004,0.4769801745969825,4.495061165401963,0.027664850126624986,0.14983537218006543,6,10.21140026784,0.9262191822394045,0.030873972741313482,0.1807093449213789
2023-06-03,1.5022090329230884,0.30500000800000004,0.6008836131692354,5.662727170506874,0.034851249563815655,0.18875757235022914,6,10.21140026784,1.166819835396548,0.03889399451321827,0.2276515668634474
2023-06-04,3.9129320236288048,0.30500000800000004,1.565172809451522,14.750188556271143,0.09078002294818828,0.49167295187570476,6,10.21140026784,3.039315168305343,0.10131050561017811,0.5929834574858829
2023-06-05,3.0211097014046997,0.30500000800000004,1.20844388056188,11.388375130415156,0.07008974507258904,0.37961250434717186,6,10.21140026784,2.3466046650302808,0.07822015550100936,0.4578326598481812
2023-06-06,1.1918518085573426,0.30500000800000004,0.47674072342293705,4.4928045775377585,0.02765096195853035,0.14976015258459194,6,10.21140026784,0.925754206371596,0.030858473545719866,0.1806186261303118
2023-06-07,2.331747512118318,0.30500000800000004,0.9326990048473273,8.789755421681212,0.05409654228114499,0.2929918473893737,6,10.21140026784,1.811152235572734,0.060371741185757805,0.3533635885751315
2023-06-08,1.3224784954494915,0.30500000800000004,0.5289913981797966,4.985214936446403,0.0306815010944282,0.1661738312148801,6,10.21140026784,1.027216656641456,0.03424055522138187,0.20041438643626197
2023-06-09,4.260363470130416,0.30500000800000004,1.7041453880521666,16.059866137003617,0.09884043250702566,0.5353288712334539,6,10.21140026784,3.309177680335219,0.11030592267784063,0.6456347939112945
2023-06-10,2.646469321293828,0.30500000800000004,1.0585877285175314,9.976130753549215,0.061398088254016825,0.33253769178497383,6,10.21140026784,2.055607994744483,0.06852026649148277,0.4010579582764566
2023-06-11,3.3038687774694275,0.30500000800000004,1.321547510987771,12.454263743548754,0.07664975563729072,0.4151421247849585,6,10.21140026784,2.5662338187364933,0.08554112729121645,0.5006832520761749
2023-06-12,1.8063316762913735,0.30500000800000004,0.7225326705165495,6.809147886947962,0.04190689488995987,0.2269715962315987,6,10.21140026784,1.4030428409158564,0.046768094697195214,0.2737396909287939
2023-06-13,2.7511030475581433,0.30500000800000004,1.1004412190232573,10.370558048075177,0.06382559070334892,0.34568526826917256,6,10.21140026784,2.136880776748122,0.0712293592249374,0.41691462749410996
2023-06-14,2.229824409554925,0.30500000800000004,0.89192976382197,8.405546094258245,0.05173192630167426,0.2801848698086082,6,10.21140026784,1.731984892580054,0.05773282975266847,0.33791769956127665
2023-06-15,2.2231690430584314,0.30500000800000004,0.8892676172233727,8.380458024713063,0.05157752179895562,0.2793486008237688,6,10.21140026784,1.726815429829034,0.05756051432763446,0.33690911515140326
2023-06-16,2.262100251991441,0.30500000800000004,0.9048401007965764,8.527213109906935,0.052480725846201434,0.2842404369968978,6,10.21140026784,1.7570547013308238,0.058568490044360794,0.34280892704125865
2023-06-17,2.614730443452271,0.30500000800000004,1.0458921773809084,9.856487879637681,0.06066174628809269,0.3285495959879227,6,10.21140026784,2.030955265725343,0.06769850885751144,0.39624810484543416
2023-06-18,1.7690745445360352,0.30500000800000004,0.7076298178144141,6.668703403083039,0.041042529433236025,0.2222901134361013,6,10.21140026784,1.374103885424742,0.0458034628474914,0.2680935762835927
2023-06-19,2.876728361823428,0.30500000800000004,1.1506913447293712,10.844115232729594,0.06674009799430353,0.36147050775765316,6,10.21140026784,2.234458480849282,0.07448194936164272,0.43595245711929587
2023-06-20,2.8035986934642465,0.30500000800000004,1.1214394773856986,10.568445634882824,0.06504348968837052,0.3522815211627608,6,10.21140026784,2.177656034766645,0.0725885344922215,0.42487005565498226
2023-06-21,1.8279575254450395,0.30500000800000004,0.7311830101780159,6.890668687917621,0.042408614590324925,0.22968895626392072,6,10.21140026784,1.4198404164840783,0.04732801388280261,0.27701697014672333
2023-06-22,3.837553977855788,0.30500000800000004,1.5350215911423153,14.46604347492518,0.08903125228625429,0.4822014491641726,6,10.21140026784,2.9807663265437934,0.09935887755145978,0.5815603267156324
2023-06-23,0.998072351340088,0.30500000800000004,0.3992289405360352,3.762333535611596,0.023155278551090043,0.12541111785371986,6,10.21140026784,0.7752387258904946,0.025841290863016488,0.15125240871673634
2023-06-24,1.9692082057192497,0.30500000800000004,0.7876832822876999,7.423127252279284,0.045685630372686595,0.24743757507597613,6,10.21140026784,1.529554904877547,0.05098516349591823,0.2984227385718944
2023-06-25,2.1790528773413858,0.30500000800000004,0.8716211509365543,8.214157726426087,0.05055402675432016,0.27380525754753626,6,10.21140026784,1.6925488157346387,0.05641829385782129,0.33022355140535753
2023-06-26,3.447591911982507,0.30500000800000004,1.3790367647930029,12.996042471409258,0.07998413235799418,0.4332014157136419,6,10.21140026784,2.677868751345645,0.0892622917115215,0.5224637074251635
2023-06-27,3.0496250629201658,0.30500000800000004,1.2198500251680664,11.495866637183857,0.07075130145974785,0.38319555457279525,6,10.21140026784,2.368753572872358,0.07895845242907859,0.4621540070018738
2023-06-28,2.4660847022480943,0.30500000800000004,0.9864338808992378,9.296152893594416,0.05721316509215579,0.30987176311981385,6,10.21140026784,1.9154967672853758,0.06384989224284586,0.3737216553626597
2023-06-29,2.018903976460856,0.30500000800000004,0.8075615905843425,7.610460429666843,0.04683857225389187,0.2536820143222281,6,10.21140026784,1.5681553990602997,0.05227184663534332,0.30595386095757143
2023-06-30,-0.13935528564840727,0.30500000800000004,-0.05574211425936291,-0.525313684780236,-0.0032330426270430488,-0.0175104561593412,6,10.21140026784,-0.10824226715340127,-0.0036080755717800422,-0.021118531731121243
2023-07-01,2.6886738305757047,0.30500000800000004,1.0754695322302819,10.135224871738178,0.06237723286935635,0.3378408290579393,7,10.21140026784,2.0883897564660505,0.06961299188220169,0.40745382094014093
2023-07-02,2.8273239798517333,0.30500000800000004,1.1309295919406934,10.657880474449094,0.06559391633256022,0.35526268248163645,7,10.21140026784,2.196084318814116,0.0732028106271372,0.42846549310877363
2023-07-03,3.6438742463990073,0.30500000800000004,1.457549698559603,13.735948359225699,0.08453788251645698,0.4578649453075233,7,10.21140026784,2.8303283066509795,0.09434427688836598,0.5522092221958893
2023-07-04,2.9580312998804903,0.30500000800000004,1.1832125199521961,11.150594788029496,0.06862632615722737,0.37168649293431655,7,10.21140026784,2.297609399743972,0.07658697999146574,0.4482734729257823
2023-07-05,2.7680904316562693,0.30500000800000004,1.1072361726625077,10.434593691171473,0.06421969801442545,0.34781978970571575,7,10.21140026784,2.150075489522964,0.0716691829840988,0.41948897268981455
2023-07-06,1.8767661693306228,0.30500000800000004,0.7507064677322491,7.074657751908716,0.04354097512847045,0.23582192506362387,7,10.21140026784,1.4577518473011906,0.04859172824337302,0.28441365330699686
2023-07-07,1.2329093928446402,0.30500000800000004,0.4931637571378561,4.647575247267156,0.028603497913995655,0.1549191749089052,7,10.21140026784,0.9576451101605744,0.031921503672019146,0.18684067858092435
2023-07-08,0.3013121569997561,0.30500000800000004,0.12052486279990245,1.1358263070262806,0.006990442042394342,0.03786087690087602,7,10.21140026784,0.23403999957936256,0.007801333319312085,0.045662210220188106
2023-07-09,0.7071087338670121,0.30500000800000004,0.2828434935468049,2.665517083185089,0.016404922625714684,0.08885056943950297,7,10.21140026784,0.5492368095089276,0.01830789365029759,0.10715846308980055
2023-07-10,2.8999978355080076,0.30500000800000004,1.159999134203203,10.931831840730986,0.06727994978378578,0.36439439469103285,7,10.21140026784,2.2525327187611475,0.07508442395870492,0.43947881864973776
2023-07-11,2.593361342468193,0.30500000800000004,1.0373445369872774,9.7759349165681,0.060165983145262086,0.3258644972189367,7,10.21140026784,2.0143571157033744,0.06714523719011248,0.3930097344090492
2023-07-12,1.2489899705286744,0.30500000800000004,0.4995959882114698,4.708192592904891,0.02897656731626525,0.1569397530968297,7,10.21140026784,0.9701354737485605,0.032337849124952016,0.18927760222178172
2023-07-13,0.9639045725931619,0.30500000800000004,0.38556182903726477,3.6335346768471832,0.02236258608416136,0.12111782256157277,7,10.21140026784,0.7486993820977222,0.024956646069924076,0.14607446863149684
2023-07-14,2.12987408898987,0.30500000800000004,0.8519496355959482,8.028773365856214,0.049413078864564995,0.2676257788618738,7,10.21140026784,1.6543498803856358,0.055144996012854525,0.3227707748747283
2023-07-15,2.6952014072648254,0.30500000800000004,1.0780805629059302,10.159831224825487,0.06252867264854396,0.33866104082751625,7,10.21140026784,2.0934599602732518,0.06978199867577506,0.4084430395032913
2023-07-16,3.5209567019817607,0.30500000800000004,1.4083826807927045,13.272598383790445,0.08168619548597686,0.44241994612634816,7,10.21140026784,2.734853824870505,0.09116179416235017,0.5335817402886983
2023-07-17,2.123825320806122,0.30500000800000004,0.8495301283224489,8.005971929310759,0.04927274744270204,0.2668657309770253,7,10.21140026784,1.6496515843816641,0.054988386146055473,0.32185411712308076
2023-07-18,1.3512699006457174,0.30500000800000004,0.540507960258287,5.093747017474096,0.031349461694980645,0.16979156724913655,7,10.21140026784,1.049579977547952,0.0349859992515984,0.20477756650073495
2023-07-19,0.4018930111587258,0.30500000800000004,0.16075720446349032,1.5149758948639327,0.009323917858882438,0.05049919649546442,7,10.21140026784,0.312164769915384,0.0104054923305128,0.06090468882597722
2023-07-20,2.060714880373892,0.30500000800000004,0.8242859521495568,7.768070813057423,0.047808585224674294,0.2589356937685808,7,10.21140026784,1.6006314333220952,0.05335438111073651,0.31229007487931726
2023-07-21,2.660981558973174,0.30500000800000004,1.0643926235892696,10.030836084705276,0.06173477216817764,0.33436120282350923,7,10.21140026784,2.066880172190587,0.06889600573968623,0.40325720856319547
2023-07-22,2.6123515027723028,0.30500000800000004,1.044940601108921,9.847520224850472,0.06060655486431742,0.3282506741616824,7,10.21140026784,2.0291074568573473,0.06763691522857825,0.39588758939026064
2023-07-23,3.4261145615596975,0.30500000800000004,1.370445824623879,12.915081451255435,0.07948585782818499,0.43050271504184784,7,10.21140026784,2.6611865200876332,0.08870621733625444,0.5192089323781023
2023-07-24,1.0312763779727543,0.30500000800000004,0.41251055118910174,3.8874994344060947,0.023925611968967902,0.12958331448020316,7,10.21140026784,0.8010294887210453,0.026700982957368176,0.15628429743757133
2023-07-25,3.5398035158380647,0.30500000800000004,1.415921406335226,13.343643333303168,0.08212344156744311,0.44478811111010563,7,10.21140026784,2.749492823677995,0.09164976078926651,0.5364378718993721
2023-07-26,1.602355175498305,0.30500000800000004,0.640942070199322,6.04023806955841,0.03717464007156068,0.20134126898528035,7,10.21140026784,1.2446069495958516,0.04148689831986172,0.24282816730514206
2023-07-27,1.9159559666799513,0.30500000800000004,0.7663823866719806,7.222387611996744,0.04445017842697487,0.2407462537332248,7,10.21140026784,1.4881919737351186,0.04960639912450395,0.29035265285772877
2023-07-28,2.420859094795044,0.30500000800000004,0.9683436379180176,9.125670443739399,0.05616393099924502,0.3041890147913133,7,10.21140026784,1.880368409854723,0.06267894699515744,0.36686796178647074
2023-07-29,2.7335050600038975,0.30500000800000004,1.093402024001559,10.304220674190692,0.06341731739209042,0.34347402247302306,7,10.21140026784,2.123211786287187,0.0707737262095729,0.41424774868259595
2023-07-30,2.5019015404595146,0.30500000800000004,1.0007606161838059,9.431168046916186,0.058044115738660744,0.31437226823053954,7,10.21140026784,1.9433169949303615,0.06477723316434539,0.3791495013948849
2023-07-31,3.282408621224584,0.30500000800000004,1.3129634484898336,12.373367538568193,0.07615188001241036,0.41244558461893976,7,10.21140026784,2.5495649428154983,0.08498549809384995,0.4974310827127897
2023-08-01,1.8050911091456046,0.30500000800000004,0.7220364436582418,6.804471445035271,0.04187811373217803,0.22681571483450905,8,10.21140026784,1.4020792477533202,0.046735974925110675,0.27355168975961974
2023-08-02,1.8045608604828842,0.30500000800000004,0.7218243441931538,6.802472619676281,0.04186581196320292,0.2267490873225427,8,10.21140026784,1.4016673845280336,0.046722246150934454,0.2734713334734772
2023-08-03,0.6012411532195212,0.30500000800000004,0.2404964612878085,2.266438651176307,0.013948794754692894,0.07554795503921023,8,10.21140026784,0.46700564838711806,0.015566854946237269,0.0911148099854475
2023-08-04,1.7369201079446754,0.30500000800000004,0.6947680431778702,6.5474940389082485,0.04029654650431647,0.21824980129694163,8,10.21140026784,1.3491283769645155,0.044970945898817186,0.26322074719575883
2023-08-05,1.3482674715070493,0.30500000800000004,0.5393069886028198,5.082429060592973,0.031279805338963546,0.16941430201976576,8,10.21140026784,1.0472478827484994,0.034908262758283314,0.20432256477804908
2023-08-06,3.018282215251358,0.30500000800000004,1.2073128861005433,11.37771663861152,0.07002414739383152,0.3792572212870507,8,10.21140026784,2.344408454745479,0.07814694849151597,0.4574041697785667
2023-08-07,2.832847582880902,0.30500000800000004,1.1331390331523608,10.678702248427848,0.06572206392283693,0.3559567416142616,8,10.21140026784,2.2003747001365803,0.07334582333788602,0.42930256495214764
2023-08-08,1.5214677678754744,0.30500000800000004,0.6085871071501898,5.735324897783388,0.03529805221471101,0.1911774965927796,8,10.21140026784,1.1817787881485244,0.03939262627161748,0.2305701228643971
2023-08-09,2.2910927365746567,0.30500000800000004,0.9164370946298628,8.636503179791827,0.05315335148853204,0.2878834393263942,8,10.21140026784,1.7795742078360526,0.059319140261201754,0.347202579587596
2023-08-10,1.8079484492888345,0.30500000800000004,0.7231793797155338,6.815242474439191,0.04194440402350096,0.22717474914797303,8,10.21140026784,1.4042986467068121,0.04680995489022707,0.2739847040382001
2023-08-11,2.173986115985989,0.30500000800000004,0.8695944463943956,8.195058062820785,0.05043647789087495,0.27316860209402616,8,10.21140026784,1.6886132797864932,0.05628710932621644,0.3294557114202426
2023-08-12,1.473213021628141,0.30500000800000004,0.5892852086512564,5.55342380632944,0.034178542101772874,0.185114126877648,8,10.21140026784,1.1442975895673557,0.038143252985578524,0.22325737986322652
2023-08-13,2.0232938870874793,0.30500000800000004,0.8093175548349918,7.627008636764962,0.04694041818042952,0.2542336212254987,8,10.21140026784,1.5715652006807803,0.052385506689359346,0.306619127914858
2023-08-14,-0.22118017974182003,0.30500000800000004,-0.08847207189672801,-0.8337608055547648,-0.005131380170010225,-0.027792026851825493,8,10.21140026784,-0.17179860809194233,-0.005726620269731411,-0.0335186471215569
2023-08-15,2.378405513235204,0.30500000800000004,0.9513622052940817,8.965637422691426,0.05517900790705674,0.2988545807563809,8,10.21140026784,1.8473931847282594,0.06157977282427531,0.3604343535806562
2023-08-16,1.346372685017628,0.30500000800000004,0.5385490740070512,5.075286473442451,0.031235846292408973,0.16917621578141503,8,10.21140026784,1.0457761338698524,0.03485920446232841,0.20403542024374344
2023-08-17,2.4324755705182497,0.30500000800000004,0.9729902282073,9.169459910625594,0.0564334332360234,0.3056486636875198,8,10.21140026784,1.8893913447420632,0.06297971149140211,0.3686283751789219
2023-08-18,1.5765360769160761,0.30500000800000004,0.6306144307664305,5.942910395542841,0.03657563698445297,0.19809701318476136,8,10.21140026784,1.2245523262394853,0.04081841087464951,0.23891542405941088
2023-08-19,2.589156322392464,0.30500000800000004,1.0356625289569856,9.760083672890632,0.06006842667950517,0.32533612242968774,8,10.21140026784,2.011090925229833,0.06703636417432776,0.39237248660401547
2023-08-20,3.469964548101121,0.30500000800000004,1.3879858192404484,13.080378360521985,0.08050317751594602,0.4360126120173995,8,10.21140026784,2.6952463832338722,0.08984154610779574,0.5258541581251952
2023-08-21,2.7782507283083184,0.30500000800000004,1.1113002913233274,10.472893945431037,0.06445541689675299,0.34909646484770124,8,10.21140026784,2.15796735770329,0.07193224525677633,0.42102871010447757
2023-08-22,3.4005020927559215,0.30500000800000004,1.3602008371023686,12.818532688852722,0.07889164855193738,0.4272844229617574,8,10.21140026784,2.6412923935188632,0.08804307978396211,0.5153275027457195
2023-08-23,1.3293800333415162,0.30500000800000004,0.5317520133366065,5.01123097368418,0.03084161677352318,0.16704103245613933,8,10.21140026784,1.032577329577556,0.03441924431925187,0.2014602767753912
2023-08-24,2.3234064770558662,0.30500000800000004,0.9293625908223465,8.758313055909793,0.0539030302676961,0.29194376853032644,8,10.21140026784,1.8046734533624653,0.06015578177874884,0.3520995503090753
2023-08-25,4.126593899114644,0.30500000800000004,1.6506375596458576,15.55560836210256,0.09573697845945975,0.518520278736752,8,10.21140026784,3.205274038822712,0.10684246796075707,0.625362746697509
2023-08-26,3.825078969248729,0.30500000800000004,1.5300315876994917,14.419017682480009,0.08874183208657052,0.48063392274933364,8,10.21140026784,2.9710765382583806,0.09903588460861269,0.5796698073579464
2023-08-27,3.1524052485005125,0.30500000800000004,1.260962099400205,11.883306824747532,0.0731358017652119,0.39611022749158437,8,10.21140026784,2.448586643099294,0.08161955476997647,0.4777297822615608
2023-08-28,0.7595342777832097,0.30500000800000004,0.3038137111132839,2.863140413531587,0.017621195244570467,0.09543801378438624,8,10.21140026784,0.5899576167882192,0.019665253892940642,0.11510326767732688
2023-08-29,0.42584166549609814,0.30500000800000004,0.17033666619843926,1.6052527422540916,0.009879526639509478,0.053508424741803055,8,10.21140026784,0.3307665518907773,0.011025551729692577,0.06453397647149563
2023-08-30,2.351030781275476,0.30500000800000004,0.9404123125101904,8.862445633096035,0.05454391412559105,0.29541485443653454,8,10.21140026784,1.8261302449247883,0.06087100816415961,0.35628586260069417
2023-08-31,4.303860061608804,0.30500000800000004,1.7215440246435216,16.223830888240546,0.09984955342932426,0.5407943629413515,8,10.21140026784,3.3429630488137763,0.11143210162712587,0.6522264645684774
2023-09-01,4.005543875657064,0.30500000800000004,1.6022175502628255,15.099298193676868,0.09292861791524389,0.5033099397892289,9,12.480600327360003,3.8026390450917797,0.12675463483639265,0.6300645746256215
2023-09-02,3.277489479940321,0.30500000800000004,1.3109957919761284,12.354824343583035,0.07603775593461545,0.4118274781194345,9,12.480600327360003,3.1114649728444643,0.10371549909481548,0.5155429772142499
2023-09-03,1.475786816025819,0.30500000800000004,0.5903147264103276,5.563125981690927,0.034238254131799,0.1854375327230309,9,12.480600327360003,1.401029359073215,0.046700978635773834,0.23213851135880473
2023-09-04,1.85764864410841,0.30500000800000004,0.743059457643364,7.002592328831062,0.04309744854331511,0.23341974429436874,9,12.480600327360003,1.7635475943924543,0.05878491981308181,0.29220466410745055
2023-09-05,0.6737462099564238,0.30500000800000004,0.26949848398256954,2.539753713051735,0.015630912070989034,0.08465845710172451,9,12.480600327360003,0.6396169219448713,0.02132056406482904,0.10597902116655356
2023-09-06,2.5570031956076766,0.30500000800000004,1.0228012782430707,9.638879246162698,0.0593224741380981,0.32129597487208994,9,12.480600327360003,2.4274756417309744,0.08091585472436581,0.40221182959645574
2023-09-07,2.6497799172862297,0.30500000800000004,1.0599119669144919,9.988610376202171,0.06147489408104053,0.332953679206739,9,12.480600327360003,2.5155526657961786,0.08385175552653928,0.4168054347332783
2023-09-08,2.456348802943971,0.30500000800000004,0.9825395211775885,9.259452447577594,0.05698729222830014,0.30864841491925316,9,12.480600327360003,2.3319199979820415,0.07773066659940138,0.3863790815186545
2023-09-09,1.8762307318500238,0.30500000800000004,0.7504922927400095,7.07263936678185,0.043528552978920554,0.235754645559395,9,12.480600327360003,1.781188387897429,0.059372946263247635,0.29512759182264264
2023-09-10,0.5040219872546723,0.30500000800000004,0.20160879490186892,1.8999612831552126,0.011693310104308397,0.06333204277184042,9,12.480600327360003,0.47849024946829966,0.015949674982276656,0.07928171775411708
2023-09-11,2.7117920292986857,0.30500000800000004,1.0847168117194743,10.222371233644326,0.06291357507972951,0.3407457077881442,9,12.480600327360003,2.574423492262532,0.08581411640875107,0.4265598241968953
2023-09-12,1.7988974506073914,0.30500000800000004,0.7195589802429566,6.781123829809623,0.041734420854091486,0.2260374609936541,9,12.480600327360003,1.7077725013494236,0.05692575004498079,0.28296321103863487
2023-09-13,3.207603005609792,0.30500000800000004,1.2830412022439168,12.091380289946672,0.07441638973014718,0.40304600966488907,9,12.480600327360003,3.0451186677576225,0.10150395559192076,0.5045499652568098
2023-09-14,3.015397283359861,0.30500000800000004,1.2061589133439445,11.366841599353332,0.06995721697394879,0.3788947199784444,9,12.480600327360003,2.8626493185739843,0.09542164395246615,0.4743163639309106
2023-09-15,1.931319741571116,0.30500000800000004,0.7725278966284465,7.28030289782648,0.0448066180044499,0.24267676326088267,9,12.480600327360003,1.83348680874209,0.06111622695806966,0.30379299021895234
2023-09-16,2.7438354137063503,0.30500000800000004,1.0975341654825401,10.343161975507458,0.06365698159798733,0.3447720658502486,9,12.480600327360003,2.6048436869896414,0.08682812289965472,0.43160018874990336
2023-09-17,2.1431314985349292,0.30500000800000004,0.8572525994139717,8.07874849687727,0.04972065076601036,0.26929161656257566,9,12.480600327360003,2.034569029345144,0.06781896764483814,0.3371105842074138
2023-09-18,2.7319521946394434,0.30500000800000004,1.0927808778557775,10.298366992912847,0.0633812909156351,0.3432788997637616,9,12.480600327360003,2.5935624242677884,0.08645208080892627,0.4297309805726879
2023-09-19,2.363732745536322,0.30500000800000004,0.9454930982145289,8.91032695757372,0.054838599696442676,0.29701089858579066,9,12.480600327360003,2.2439954995784346,0.07479984998594782,0.37181074857173846
2023-09-20,1.1644811012501677,0.30500000800000004,0.4657924405000671,4.389627959272632,0.027015961549003892,0.1463209319757544,9,12.480600327360003,1.1054931465852393,0.03684977155284131,0.1831707035285957
2023-09-21,2.0492485896265262,0.30500000800000004,0.8196994358506106,7.724847483456154,0.04754256727933542,0.25749491611520514,9,12.480600327360003,1.9454418530704054,0.06484806176901352,0.3223429778842187
2023-09-22,2.1969669516673163,0.30500000800000004,0.8787867806669265,8.281686621005116,0.05096963327868174,0.27605622070017055,9,12.480600327360003,2.085677393763657,0.0695225797921219,0.34557880049229245
2023-09-23,2.766630799697055,0.30500000800000004,1.106652319878822,10.429091462538018,0.06418583455297168,0.3476363820846006,9,12.480600327360003,2.626484349907601,0.08754947833025337,0.43518586041485396
2023-09-24,2.275934628977653,0.30500000800000004,0.9103738515910612,8.57936317739416,0.05280168339228155,0.28597877257980536,9,12.480600327360003,2.1606448844121613,0.07202149614707204,0.3580002687268774
2023-09-25,1.5002987909605912,0.30500000800000004,0.6001195163842366,5.655526322405045,0.034806931950285724,0.18851754408016816,9,12.480600327360003,1.424299655405692,0.04747665518018973,0.2359941992603579
2023-09-26,3.103278257070157,0.30500000800000004,1.241311302828063,11.698117717851664,0.07199605556402765,0.3899372572617221,9,12.480600327360003,2.9460785936800113,0.09820261978933371,0.4881398770510558
2023-09-27,2.397215850093199,0.30500000800000004,0.9588863400372797,9.036544868511323,0.055615407722162225,0.30121816228371073,9,12.480600327360003,2.2757824839908785,0.07585941613302928,0.37707757841674
2023-09-28,3.1575972346656678,0.30500000800000004,1.263038893866267,11.902878535795702,0.0732562558442435,0.3967626178598567,9,12.480600327360003,2.997645989146444,0.09992153297154814,0.4966841508314049
2023-09-29,2.628624281494334,0.30500000800000004,1.0514497125977336,9.90886209152104,0.06098408333066855,0.3302954030507014,9,12.480600327360003,2.495468689890957,0.0831822896630319,0.41347769271373325
2023-09-30,2.1845946912405396,0.30500000800000004,0.8738378764962159,8.235048148100338,0.05068259683678052,0.2745016049366779,9,12.480600327360003,2.073931862561059,0.06913106208536864,0.34363266702204653
2023-10-01,2.1680576261467817,0.30500000800000004,0.8672230504587127,8.172710027522909,0.050298936926605343,0.272423667584097,10,18.153600476160005,2.99379272587155,0.099793090862385,0.37221675844648194
2023-10-02,1.4166675391708679,0.30500000800000004,0.5666670156683472,5.340269955658504,0.03286668690876414,0.17800899852195012,10,18.153600476160005,1.9562252048096418,0.06520750682698806,0.24321650534893818
2023-10-03,1.6590922827200676,0.30500000800000004,0.6636369130880271,6.254114268941567,0.038490940959105574,0.20847047563138557,10,18.153600476160005,2.290980805885964,0.07636602686286546,0.284836502494251
2023-10-04,2.042226419048787,0.30500000800000004,0.8168905676195148,7.698376709246308,0.047379652921931865,0.2566125569748769,10,18.153600476160005,2.8200369419133846,0.09400123139711282,0.3506137883719897
2023-10-05,2.3615486686453506,0.30500000800000004,0.9446194674581403,8.902093861325515,0.05478792911257214,0.2967364620441838,10,18.153600476160005,3.260977540780294,0.10869925135934314,0.4054357134035269
2023-10-06,3.675066425280873,0.30500000800000004,1.4700265701123492,13.853530396738778,0.08526154106651626,0.46178434655795925,10,18.153600476160005,5.074766924279048,0.16915889747596827,0.6309432440339275
2023-10-07,1.7432939294149397,0.30500000800000004,0.6973175717659759,6.571520796322557,0.0404444191624266,0.2190506932107519,10,18.153600476160005,2.4072518285476314,0.08024172761825438,0.2992924208290063
2023-10-08,1.5144618083066874,0.30500000800000004,0.605784723322675,5.708915232592889,0.03513551395271515,0.19029717441976296,10,18.153600476160005,2.091265790465606,0.06970885968218686,0.26000603410194983
2023-10-09,0.8869883645731689,0.30500000800000004,0.3547953458292676,3.3435913390950174,0.02057813005809752,0.11145304463650058,10,18.153600476160005,1.2248103010579645,0.04082701003526548,0.15228005467176606
2023-10-10,2.363980396498756,0.30500000800000004,0.9455921585995024,8.91126050264171,0.05484434519877114,0.2970420167547237,10,18.153600476160005,3.2643354262308586,0.10881118087436195,0.40585319762908567
2023-10-11,3.008898470212818,0.30500000800000004,1.2035593880851272,11.342343673314238,0.06980644450893739,0.37807812244380795,10,18.153600476160005,4.154879577171953,0.13849598590573178,0.5165741083495398
2023-10-12,3.0671560403942073,0.30500000800000004,1.226862416157683,11.561951409870003,0.07115802013714562,0.3853983803290001,10,18.153600476160005,4.235325358562907,0.1411775119520969,0.526575892281097
2023-10-13,2.1115470074003326,0.30500000800000004,0.8446188029601331,7.959687599096294,0.048987890571687724,0.26532291996987645,10,18.153600476160005,2.9157592468268536,0.09719197489422846,0.36251489486410493
2023-10-14,1.2203122454022548,0.30500000800000004,0.48812489816090193,4.600089040268339,0.028311244093332313,0.153336301342278,10,18.153600476160005,1.6850852484351393,0.05616950828117131,0.2095058096234493
2023-10-15,1.1012770268149235,0.30500000800000004,0.4405108107259694,4.151373880281535,0.02554962702210623,0.13837912934271784,10,18.153600476160005,1.5207138003557628,0.05069046001185876,0.1890695893545766
2023-10-16,0.9697778332116869,0.30500000800000004,0.38791113328467475,3.6556745200747747,0.022498845730511138,0.12185581733582582,10,18.153600476160005,1.339131297880023,0.0446377099293341,0.16649352726515992
2023-10-17,2.850934859016069,0.30500000800000004,1.1403739436064277,10.746884044546974,0.06614168872917281,0.3582294681515658,10,18.153600476160005,3.936753313160366,0.13122511043867888,0.48945457859024466
2023-10-18,1.7454798081699343,0.30500000800000004,0.6981919232679737,6.579760684877384,0.04049513154954248,0.21932535616257948,10,18.153600476160005,2.4102702298287686,0.08034234099429229,0.29966769715687175
2023-10-19,3.2210556801296923,0.30500000800000004,1.288422272051877,12.142091491816888,0.07472849177900887,0.4047363830605629,10,18.153600476160005,4.447839830686608,0.14826132768955358,0.5529977107501165
2023-10-20,1.5714288704535622,0.30500000800000004,0.6285715481814249,5.923658270061748,0.03645714979452264,0.19745527566872492,10,18.153600476160005,2.169929555769988,0.07233098519233293,0.26978626086105784
2023-10-21,1.9595295287557417,0.30500000800000004,0.7838118115022967,7.386642511597644,0.045461085067133214,0.24622141705325482,10,18.153600476160005,2.705843783195769,0.0901947927731923,0.3364162098264471
2023-10-22,2.59673125721062,0.30500000800000004,1.038692502884248,9.788638147181153,0.06024416516728639,0.3262879382393718,10,18.153600476160005,3.585732710756886,0.1195244236918962,0.445812361931268
2023-10-23,2.624570963588391,0.30500000800000004,1.0498283854353565,9.8935827043428,0.06089004635525068,0.32978609014475996,10,18.153600476160005,3.6241755590645206,0.12080585196881735,0.45059194211357734
2023-10-24,2.1250830314459077,0.30500000800000004,0.8500332125783632,8.010712995338494,0.04930192632954507,0.2670237665112831,10,18.153600476160005,2.9344506551345226,0.09781502183781741,0.36483878834910055
2023-10-25,1.351520845242339,0.30500000800000004,0.5406083380969356,5.094692978225521,0.03135528360962227,0.16982309927418404,10,18.153600476160005,1.8662664804447173,0.06220888268149058,0.23203198195567462
2023-10-26,-0.2993249166684677,0.30500000800000004,-0.1197299666673871,-1.128335205873456,-0.006944338066708452,-0.0376111735291152,10,18.153600476160005,-0.4133270017304871,-0.01377756672434957,-0.05138874025346477
2023-10-27,1.0073163876650337,0.30500000800000004,0.4029265550660135,3.797179854942111,0.023369740193828783,0.1265726618314037,10,18.153600476160005,1.3909669363366892,0.04636556454455631,0.17293822637596
2023-10-28,2.4527800989120228,0.30500000800000004,0.9811120395648092,9.245999860858761,0.05690449829475894,0.3081999953619587,10,18.153600476160005,3.386955738504052,0.11289852461680173,0.4210985199787604
2023-10-29,3.6723960645868954,0.30500000800000004,1.4689584258347583,13.843464205066761,0.08519958869841598,0.4614488068355587,10,18.153600476160005,5.07107951932972,0.16903598397765732,0.6304847908132161
2023-10-30,1.6580889783976815,0.30500000800000004,0.6632355913590726,6.2503322129679,0.03846766429882621,0.20834440709893,10,18.153600476160005,2.289595379066136,0.0763198459688712,0.2846642530678012
2023-10-31,1.921314294475407,0.30500000800000004,0.7685257177901628,7.242586364454494,0.044574491631829444,0.2414195454818165,10,18.153600476160005,2.6530737419264887,0.08843579139754962,0.3298553368793661
2023-11-01,1.7613521827118732,0.30500000800000004,0.7045408730847493,6.639593187950678,0.040863370638915465,0.22131977293168925,11,21.17920055552,2.83755245716629,0.09458508190554299,0.31590485483723224
2023-11-02,2.558709969133626,0.30500000800000004,1.0234839876534505,9.645313099646117,0.059362071283900135,0.32151043665487056,11,21.17920055552,4.1221022299540255,0.13740340766513418,0.4589138443200047
2023-11-03,2.5408578633470795,0.30500000800000004,1.0163431453388319,9.578017801673152,0.05894790242965225,0.3192672600557717,11,21.17920055552,4.093342344715052,0.13644474482383506,0.4557120048796068
2023-11-04,2.1108696401449376,0.30500000800000004,0.8443478560579751,7.957134195490357,0.04897217565136256,0.26523780651634526,11,21.17920055552,3.400627877230616,0.11335426257435387,0.37859206909069915
2023-11-05,1.442484233170181,0.30500000800000004,0.5769936932680725,5.437588565358315,0.033465634209548206,0.18125295217861048,11,21.17920055552,2.3238536395110274,0.07746178798370092,0.2587147401623114
2023-11-06,2.6787591743636345,0.30500000800000004,1.0715036697454539,10.097850583681156,0.062147212845236326,0.33659501945603854,11,21.17920055552,4.31550245997321,0.143850081999107,0.4804451014551455
2023-11-07,3.191228398889503,0.30500000800000004,1.2764913595558012,12.02965457245387,0.07403649885423647,0.40098848574846235,11,21.17920055552,5.14109448043818,0.171369816014606,0.5723583017630683
2023-11-08,2.8952806538036424,0.30500000800000004,1.158112261521457,10.91404995257821,0.0671705111682445,0.36380166508594036,11,21.17920055552,4.664320295522899,0.15547734318409662,0.5192790082700369
2023-11-09,2.9382969076531165,0.30500000800000004,1.1753187630612467,11.076204023089188,0.06816848825755231,0.3692068007696396,11,21.17920055552,4.733619824604433,0.15778732748681443,0.526994128256454
2023-11-10,1.2336275989729666,0.30500000800000004,0.4934510395891867,4.650282597088495,0.028620160296172828,0.15500941990294984,11,21.17920055552,1.987383930966241,0.06624613103220804,0.22125555093515786
2023-11-11,2.077868832146682,0.30500000800000004,0.8311475328586728,7.832734349660132,0.04820655690580303,0.2610911449886711,11,21.17920055552,3.347463311538962,0.11158211038463207,0.37267325537330315
2023-11-12,2.3337189422957723,0.30500000800000004,0.933487576918309,8.797186924878144,0.054142279461261926,0.29323956416260477,11,21.17920055552,3.759639885790028,0.12532132952633426,0.418560893688939
2023-11-13,3.189585973845432,0.30500000800000004,1.275834389538173,12.02346328700774,0.07399839459321404,0.40078210956692467,11,21.17920055552,5.138448520552783,0.17128161735175942,0.5720637269186841
2023-11-14,2.5281784535266043,0.30500000800000004,1.0112713814106418,9.530221498413887,0.058653740121817226,0.31767404994712956,11,21.17920055552,4.072915714058988,0.1357638571352996,0.45343790708242915
2023-11-15,2.5479851002290546,0.30500000800000004,1.019194040091622,9.604884633823444,0.05911325432531408,0.32016282112744815,11,21.17920055552,4.104824380349809,0.13682747934499365,0.4569903004724418
2023-11-16,3.166102753873649,0.30500000800000004,1.2664411015494597,11.934940941002107,0.07345358388986867,0.39783136470007024,11,21.17920055552,5.10061686531248,0.17002056217708267,0.5678519268771529
2023-11-17,2.531358366065716,0.30500000800000004,1.0125433464262865,9.542208496721322,0.05872751409272462,0.3180736165573774,11,21.17920055552,4.078038578598798,0.1359346192866266,0.454008235844004
2023-11-18,1.932750854965048,0.30500000800000004,0.7731003419860193,7.285697622876246,0.04483981983518912,0.24285658742920818,11,21.17920055552,3.1136770893555323,0.10378923631185108,0.34664582374105923
2023-11-19,0.8400183551865652,0.30500000800000004,0.3360073420746261,3.1665331917112765,0.019488425840328318,0.10555110639037588,11,21.17920055552,1.3532762903523983,0.045109209678413274,0.15066031606878916
2023-11-20,1.3483540766518602,0.30500000800000004,0.5393416306607441,5.082755527346852,0.031281814578323165,0.16942518424489508,11,21.17920055552,2.1722092043187606,0.07240697347729202,0.2418321577221871
2023-11-21,1.633607288893384,0.30500000800000004,0.6534429155573536,6.1580460362125,0.03789968910232651,0.20526820120708333,11,21.17920055552,2.6317544112655527,0.08772514704218509,0.2929933482492684
2023-11-22,2.8049593344400527,0.30500000800000004,1.1219837337760212,10.573574707105223,0.06507505655900923,0.3524524902368408,11,21.17920055552,4.518811927457601,0.15062706424858668,0.5030795544854274
2023-11-23,2.01231174239996,0.30500000800000004,0.8049246969599841,7.58561034415089,0.04668563242367908,0.252853678138363,11,21.17920055552,3.2418503155002756,0.10806167718334252,0.36091535532170554
2023-11-24,2.549580687969443,0.30500000800000004,1.0198322751877773,9.610899361369611,0.059150271960891086,0.3203633120456537,11,21.17920055552,4.107394884964277,0.13691316283214258,0.4572764748777963
2023-11-25,1.9112875780947554,0.30500000800000004,0.7645150312379022,7.20478965438599,0.04434187181179833,0.24015965514619966,11,21.17920055552,3.0790995786112756,0.10263665262037586,0.34279630776657555
2023-11-26,1.4717972517636477,0.30500000800000004,0.5887189007054591,5.548086920248247,0.03414569624091663,0.18493623067494155,11,21.17920055552,2.3710771469692506,0.07903590489897502,0.2639721355739166
2023-11-27,3.1611042315808224,0.30500000800000004,1.264441692632329,11.916098511367068,0.07333761817267509,0.39720328371223557,11,21.17920055552,5.092564205910558,0.16975214019701862,0.5669554239092542
2023-11-28,2.3887652764588565,0.30500000800000004,0.9555061105835426,9.004689586139305,0.055419354413845476,0.30015631953797683,11,21.17920055552,3.8483199704974296,0.1282773323499143,0.4284336518878912
2023-11-29,3.3795160096871637,0.30500000800000004,1.3518064038748656,12.739423550116733,0.07840477142474221,0.4246474516705578,11,21.17920055552,5.444427327734099,0.18148091092446997,0.6061283625950278
2023-11-30,1.4136512402724506,0.30500000800000004,0.5654604961089803,5.32889971533103,0.03279670877432086,0.1776299905110343,11,21.17920055552,2.27740345728884,0.07591344857629467,0.253543439087329
2023-12-01,1.3996120886798127,0.30500000800000004,0.5598448354719251,5.275977729487422,0.032471000457371654,0.1758659243162474,12,23.826600624960005,2.536634555729874,0.0845544851909958,0.2604204095072432
2023-12-02,1.0035306751513238,0.30500000800000004,0.40141227006052954,3.78290923305043,0.023281911663510714,0.12609697443501433,12,23.826600624960005,1.8187829391534571,0.0606260979717819,0.18672307240679623
2023-12-03,2.824923550751847,0.30500000800000004,1.1299694203007389,10.648831816914162,0.06553822637744286,0.35496106056380544,12,23.826600624960005,5.119846244605837,0.17066154148686122,0.5256226020506667
2023-12-04,3.661886287284723,0.30500000800000004,1.4647545149138894,13.803846548548492,0.08495576186500559,0.4601282182849497,12,23.826600624960005,6.636744116894237,0.22122480389647456,0.6813530221814242
2023-12-05,2.729643324239844,0.30500000800000004,1.0918573296959377,10.289663475054516,0.0633277251223644,0.3429887825018172,12,23.826600624960005,4.947161886559107,0.16490539621863692,0.5078941787204541
2023-12-06,2.757799594460053,0.30500000800000004,1.1031198377840212,10.395801351276615,0.06398095059147324,0.3465267117092205,12,23.826600624960005,4.99819186020589,0.16660639534019633,0.5131331070494168
2023-12-07,1.8803046942388608,0.30500000800000004,0.7521218776955444,7.08799657540281,0.04362306890634158,0.23626655251342701,12,23.826600624960005,3.4078341429634045,0.11359447143211349,0.34986102394554053
2023-12-08,2.614333078308109,0.30500000800000004,1.0457332313232437,9.854989971990248,0.06065252741674814,0.32849966573300826,12,23.826600624960005,4.738175441796365,0.15793918139321217,0.48643884712622043
2023-12-09,3.8601404018719707,0.30500000800000004,1.5440561607487884,14.55118525889658,0.08955525732342973,0.48503950862988604,12,23.826600624960005,6.996056702106331,0.23320189007021103,0.7182413987000971
2023-12-10,3.15092146308226,0.30500000800000004,1.260368585232904,11.877713547234887,0.07310137794350843,0.39592378490782953,12,23.826600624960005,5.710679644946879,0.19035598816489596,0.5862797730727255
2023-12-11,2.361549393710073,0.30500000800000004,0.9446197574840293,8.902096594529493,0.0547879459340737,0.2967365531509831,12,23.826600624960005,4.280034336369837,0.1426678112123279,0.439404364363311
2023-12-12,3.260141617128181,0.30500000800000004,1.3040566468512724,12.289429839926392,0.07563528551737381,0.4096476613308797,12,23.826600624960005,5.908628504617242,0.19695428348724142,0.6066019448181211
2023-12-13,1.571587196020118,0.30500000800000004,0.6286348784080472,5.924255094117437,0.03646082294766674,0.19747516980391458,12,23.826600624960005,2.848319488671726,0.09494398295572419,0.29241915275963876
2023-12-14,2.876722295444462,0.30500000800000004,1.1506889181777848,10.844092364907443,0.06673995725431152,0.36146974549691474,12,23.826600624960005,5.213725460706816,0.1737908486902272,0.535260594187142
2023-12-15,1.340877214833407,0.30500000800000004,0.5363508859333628,5.054570749036011,0.031108351384135043,0.1684856916345337,12,23.826600624960005,2.43018441012863,0.08100614700428767,0.24949183863882135
2023-12-16,2.1859812067065616,0.30500000800000004,0.8743924826826247,8.240274756801055,0.05071476399559224,0.2746758252267018,12,23.826600624960005,3.9618373633356656,0.1320612454445222,0.406737070671224
2023-12-17,1.6024858696346194,0.30500000800000004,0.6409943478538478,6.040730734174661,0.037177672175523174,0.2013576911391554,12,23.826600624960005,2.9043197503518705,0.09681065834506235,0.2981683494842177
2023-12-18,2.419900681566352,0.30500000800000004,0.9679602726265408,9.12205760923252,0.05614169581233937,0.30406858697441735,12,23.826600624960005,4.385789276859952,0.14619297589533173,0.45026156286974905
2023-12-19,3.819081050194953,0.30500000800000004,1.5276324200779812,14.396407926814895,0.08860268036452291,0.4798802642271632,12,23.826600624960005,6.92164139007653,0.23072137966921769,0.7106016438963809
2023-12-20,1.4845773346205646,0.30500000800000004,0.5938309338482258,5.59626272058568,0.0344421941631971,0.18654209068618935,12,23.826600624960005,2.6906242080289573,0.08968747360096524,0.2762295642871546
2023-12-21,3.0169258762764413,0.30500000800000004,1.2067703505105767,11.372603783211673,0.06999268032961345,0.3790867927737224,12,23.826600624960005,5.467828187349403,0.1822609395783134,0.5613477323520358
2023-12-22,1.1326351260187053,0.30500000800000004,0.45305405040748215,4.269581371040112,0.026277134923633965,0.1423193790346704,12,23.826600624960005,2.0527697802342857,0.06842565934114285,0.21074503837581327
2023-12-23,1.7266644892739442,0.30500000800000004,0.6906657957095778,6.50883445876706,0.04005861615115551,0.21696114862556867,12,23.826600624960005,3.129379093728269,0.10431263645760896,0.3212737850831776
2023-12-24,1.4964606052354439,0.30500000800000004,0.5985842420941776,5.641057897495529,0.0347178860414623,0.18803526324985098,12,23.826600624960005,2.712161257559035,0.09040537525196783,0.2784406385018188
2023-12-25,1.6341466609256676,0.30500000800000004,0.6536586643702671,6.160079253025397,0.03791220253347549,0.20533597510084656,12,23.826600624960005,2.9617012619151057,0.09872337539717019,0.30405935049801674
2023-12-26,2.265993154109802,0.30500000800000004,0.9063972616439209,8.541887793732311,0.052571041175347416,0.2847295931244104,12,23.826600624960005,4.10684973661814,0.13689499122060467,0.42162458434501504
2023-12-27,2.8428451649231903,0.30500000800000004,1.1371380659692762,10.716389133694458,0.06595400782621802,0.3572129711231486,12,23.826600624960005,5.152327091384152,0.17174423637947175,0.5289572075026203
2023-12-28,1.6080627896520001,0.30500000800000004,0.6432251158608001,6.06175349187218,0.03730705671992641,0.20205844972907266,12,23.826600624960005,2.914427270960651,0.09714757569868837,0.29920602542776104
2023-12-29,1.4943944865901444,0.30500000800000004,0.5977577946360578,5.633269456650209,0.034669952088891356,0.18777564855500695,12,23.826600624960005,2.708416657184193,0.0902805552394731,0.27805620379448004
2023-12-30,0.35373428813770746,0.30500000800000004,0.141493715255083,1.333436772563902,0.008206635484794814,0.044447892418796736,12,23.826600624960005,0.6411023640721709,0.021370078802405698,0.06581797122120243
2023-12-31,2.694297660763487,0.30500000800000004,1.0777190643053949,10.15642446201404,0.06250770572971291,0.3385474820671347,12,23.826600624960005,4.883101971605173,0.16277006572017244,0.5013175477873071
